{
  "data": {
    "room_000301": {
      "occupancy_avg_presence": 0.01726361742236333,
      "occupancy_median_presence": 0
    },
    "room_000302": {
      "occupancy_avg_presence": 0.031649965274332774,
      "occupancy_median_presence": 0
    },
    "room_000303": {
      "occupancy_avg_presence": 0.025895426133544994,
      "occupancy_median_presence": 0
    }
  }
}
